Customer_ID,Customer_Name,Country,Signup_Date
C001,Customer 1,South Africa,2025-01-15
C002,Customer 2,South Korea,2025-01-22
C003,Customer 3,United Kingdom,2025-02-03
C004,Customer 4,United States,2025-02-10
C005,Customer 5,Australia,2025-02-18
C006,Customer 6,South Africa,2025-03-01
C007,Customer 7,South Korea,2025-03-12
C008,Customer 8,United Kingdom,2025-03-20
C009,Customer 9,United States,2025-04-05
C010,Customer 10,Australia,2025-04-17
C011,Customer 11,South Africa,2025-05-02
C012,Customer 12,South Korea,2025-05-14
C013,Customer 13,United Kingdom,2025-05-25
C014,Customer 14,United States,2025-06-06
C015,Customer 15,Australia,2025-06-19
C016,Customer 16,South Africa,2025-07-03
C017,Customer 17,South Korea,2025-07-15
C018,Customer 18,United Kingdom,2025-07-28
C019,Customer 19,United States,2025-08-09
C020,Customer 20,Australia,2025-08-21
