Order_ID,Customer_ID,Product_ID,Order_Date,Quantity
0001,C001,P001,2026-01-05,2
0002,C002,P002,2026-02-25,1
O003,C003,P004,2026-01-12,2
O004,C004,P010,2026-01-15,3
O005,C005,P008,2026-01-20,1
O006,C006,P003,2026-01-25,2
O007,C007,P013,2026-02-02,1
O008,C008,P006,2026-02-08,2
O009,C009,P005,2026-02-14,1
O010,C010,P011,2026-02-20,4
O011,C011,P007,2026-03-01,2
O012,C012,P014,2026-03-05,1
O013,C013,P009,2026-03-10,3
O014,C014,P015,2026-03-15,2
O015,C015,P002,2026-03-22,1
O016,C016,P004,2026-04-01,2
O017,C017,P001,2026-04-07,3
O018,C018,P012,2026-04-12,5
O019,C019,P008,2026-04-18,2
O020,C020,P003,2026-04-25,1
